Event Name,Event Image Src,Event Time,Event Location,Event Address
Sad Girls Club at UCI,https://campusgroups.uci.edu/upload/uci/2022/r2_image_upload_2328161_SadGirlsClub_Final_Facebook_Banner_15141925.png,Mon Jun 28 2021 12:00 AM – Mon Jul 1 2024 10:00 AM PDT (GMT-7),Private Location (register to display),
Peter's Quest Series: The Complete Guide to Campus Organization,https://campusgroups.uci.edu/upload/uci/2023/r2_image_upload_1802969_DSC00368JPG_1026174112.jpeg,Thu Oct 12 2023 1:00 PM – Fri Jun 7 2024 1:00 PM PDT (GMT-7),Private Location (sign in to display),
Tai Chi – Beginners,https://campusgroups.uci.edu/upload/uci/2023/r2_image_upload_3422921_TaiChibeginners1200x740brand1710x380jpg_117183046.jpeg,Wed Jan 3 2024 8:00 AM – Wed Feb 7 2024 9:00 AM PST (GMT-8),UCI Susan Samueli Integrative Health Institute,
It's Not in Vein,https://campusgroups.uci.edu/upload/uci/2023/r2_image_upload_4589178_ACC_Lckp_3L_H_P_K_1_760x380jpg_4171818.jpeg,Mon Jan 8 2024 5:00 PM – Fri Feb 2 2024 5:00 PM PST (GMT-8),UCI Health Blood Donor Center,
Academic Skill Building Drop Ins - Every Thursdays,https://campusgroups.uci.edu/upload/uci/2024/r2_image_upload_1509153_Drop_Ins_111171828.png,Thu Jan 18 2024 11:00 AM – Thu Mar 7 2024 12:00 PM PST (GMT-8),Online Event,
On the Passage of a Few People Through a Rather Brief Period of Time,https://campusgroups.uci.edu/upload/uci/2023/r2_image_upload_2319150_OnThePassage1920x1280jpg_891665.jpeg,Sat Jan 20 2024 12:00 PM – Sun Apr 7 2024 6:00 PM PST (GMT-8),Contemporary Arts Center Gallery (parking: Mesa Structure at 4000 Mesa Rd; Irvine CA 92617),
Puerta Abierta: Financial Literacy,https://campusgroups.uci.edu/upload/uci/2022/r2_image_upload_1528695_Latinx_Resource_Center_Logotype_1216173632.png,Mon Jan 22 2024 12:00 PM – Mon Mar 18 2024 1:00 PM PST (GMT-8),Private Location (sign in to display),
Academic Skill Building Drop Ins - Every Mondays,https://campusgroups.uci.edu/upload/uci/2024/r2_image_upload_1509153_Drop_Ins_11117923.png,Mon Jan 22 2024 2:00 PM – Mon Mar 11 2024 3:00 PM PST (GMT-8),Private Location (sign in to display),
Listen to the Motion 2024,https://campusgroups.uci.edu/upload/uci/2023/r2_image_upload_2319150_ICITconcertpromo_1jpg_1128122651.jpeg,Sun Jan 28 2024 2 PM – 2 PM PST (GMT-8),Experimental Media Performance Lab (xMPL) (parking: Mesa Structure at 4000 Mesa Rd; Irvine CA 92617),
Smokey & Me: A Celebration of Smokey Robinson,https://campusgroups.uci.edu/upload/uci/2023/r2_image_upload_3786308_Charl_Smokey_Me_high_rez_2jpg_628151831.jpeg,Sun Jan 28 2024 7 PM – 9 PM PST (GMT-8),Irvine Barclay Theatre,4242 Campus Dt Irvine CA 92612 United States
Irvine Barclay Theatre: Smokey & Me: A Celebration of Smokey Robinson - Students Only,https://campusgroups.uci.edu/upload/uci/2023/r2_image_upload_1800476_Add_a_heading_6_112014422.png,Sun Jan 28 2024 7 PM – 9 PM PST (GMT-8),Irvine Barclay Theatre,4242 Campus Dr Irvine  CA 92612 United States
LARC Peer Coach Office Hours (Melanie),https://campusgroups.uci.edu/upload/uci/2022/r2_image_upload_2317988_flyer_image_upload_2320431_LARC_1_916203312_103171758.png,Mon Jan 29 2024 9 AM – 9:30 AM PST (GMT-8),Online Event,
ICS OAI TUTORING+ PROGRAM In person Mondays,https://campusgroups.uci.edu/upload/uci/2024/r2_image_upload_2648924_OAI_Tutoring_Program_Winter24_118132919.png,Mon Jan 29 2024 10 AM – 5 PM PST (GMT-8),Private Location (sign in to display),
In-Person Testing Appointment - Academic Testing Center,https://campusgroups.uci.edu/upload/uci/2023/r2_image_upload_1518228_20231019_133950jpg_121125451.jpeg,Mon Jan 29 2024 10 AM – 12 PM PST (GMT-8),Academic Testing Center,3040 Anteater Instruction & Research Building Irvine CA 92697 United States
Cup of SOAR,https://campusgroups.uci.edu/upload/uci/2024/r2_image_upload_1495481_Cup_of_SOAR_W24_Flyer_Instagram_Post_19183645.png,Mon Jan 29 2024 11 AM – 1 PM PST (GMT-8),Private Location (sign in to display),
Monday Garden Volunteer Hours,https://campusgroups.uci.edu/upload/uci/2023/r2_image_upload_4589351_bg4jpg_103233831.jpeg,Mon Jan 29 2024 11:30 AM – 2:30 PM PST (GMT-8),Private Location (sign in to display),
Venable LLP: Coffee and Conversation at UCI Law,https://campusgroups.uci.edu/upload/uci/2023/r2_image_upload_3485416_CampusGroups_Banner_CDO_627174837.png,Mon Jan 29 2024 11:30 AM – 1:30 PM PST (GMT-8),Law Courtyard,401 East Peltason Drive Irvine  CA 92697 United States
GROW GARDEN GOODIES,https://campusgroups.uci.edu/upload/uci/2024/r2_image_upload_1506408_SUSTAINABILITY_FALL_GGG_114204436.png,Mon Jan 29 2024 12 PM – 1 PM PST (GMT-8),Grass patch between Buildings 290 & 292,Irvine CA United States
Ace That Interview Workshop,https://campusgroups.uci.edu/upload/uci/2024/r2_image_upload_3957983_Ace_That_Interview_Workshop_123192436.png,Mon Jan 29 2024 12:30 PM – 1:30 PM PST (GMT-8),Private Location (sign in to display),
Grad Slam Pitch Workshop with Bri McWhorter (Virtual),https://campusgroups.uci.edu/upload/uci/2021/r2_image_upload_1679579_Presentation__830174313.jpeg,Mon Jan 29 2024 12:30 PM – 1:30 PM PST (GMT-8),Online Event,
Cafecito Con Profesores,https://campusgroups.uci.edu/upload/uci/2024/r2_image_upload_1806516_Cafectio_Con_Professores_760_x_380_px_1_122192135.png,Mon Jan 29 2024 1 PM – 2 PM PST (GMT-8),Newport Beach B 4th Floor RISE Suite,University of California Irvine | RISE Suite G458 UCI Student Center Irvine Cali 92697-5125 United States
LARC Peer Coach Office Hours (Erika),https://campusgroups.uci.edu/upload/uci/2022/r2_image_upload_2317988_flyer_image_upload_2320431_LARC_1_916203312_103171758.png,Mon Jan 29 2024 1 PM – 1:30 PM PST (GMT-8),Private Location (sign in to display),
LARC Peer Coach Office Hours (Erika),https://campusgroups.uci.edu/upload/uci/2022/r2_image_upload_2317988_flyer_image_upload_2320431_LARC_1_916203312_103171758.png,Mon Jan 29 2024 1:30 PM – 2 PM PST (GMT-8),Private Location (sign in to display),
Healthy Happenings: Time Management with Test Prep,https://campusgroups.uci.edu/upload/uci/2024/r2_image_upload_3959666_general_3_119162727.png,Mon Jan 29 2024 3 PM – 4 PM PST (GMT-8),Private Location (register to display),
Résumé & CV Writing for Research Fair,https://campusgroups.uci.edu/upload/uci/2024/r2_image_upload_2741836_Week_4_Workshop_Flyer_Winter_2024_Campus_Groups_760_x_380_px_124162827.png,Mon Jan 29 2024 4 PM – 4:30 PM PST (GMT-8),Online Event,
Mindful Mondays,https://campusgroups.uci.edu/upload/uci/2023/r2_image_upload_2088257_MindfulMondays_1920x1080jpg_121314936.jpeg,Mon Jan 29 2024 4 PM – 4:30 PM PST (GMT-8),Meet Outside Zot N' Go,G319 Student Center Irvine CA 92697 United States
Public Health Informatics & Technology (PHIT) Program Information Session,https://campusgroups.uci.edu/upload/uci/2024/r2_image_upload_4073701_Information_Sessions_header_1515744.png,Mon Jan 29 2024 4 PM – 5 PM PST (GMT-8),Online Event,
LRC Mentorship Program Meetings,https://campusgroups.uci.edu/upload/uci/2024/r2_image_upload_2737816_MP_image_1_12214580.png,Mon Jan 29 2024 5 PM – 6 PM PST (GMT-8),RISE Suite South Student Center,University of California Irvine | RISE Suite G458 UCI Student Center Irvine Cali 92697-5125 United States
UCI Neurodiversity Support Group,https://campusgroups.uci.edu/upload/uci/2023/r2_image_upload_4438797_NDgraphicv2_27112533.jpeg,Mon Jan 29 2024 5 PM – 6 PM PST (GMT-8),Private Location (register to display),
PHIT Internship Program - Virtual Office Hours,https://campusgroups.uci.edu/upload/uci/2024/r2_image_upload_4073701_Office_hours_header_15151756.png,Mon Jan 29 2024 5 PM – 6 PM PST (GMT-8),Online Event,
Battle of The Deans: Trivia Night!,https://campusgroups.uci.edu/upload/uci/2024/r2_image_upload_4589402_Screenshot_20240119_at_32141PM_119182157.png,Mon Jan 29 2024 6 PM – 9 PM PST (GMT-8),Private Location (sign in to display),
Color for a Change!,https://campusgroups.uci.edu/upload/uci/2023/r2_image_upload_4589178_ACC_Lckp_3L_H_P_K_1_760x380jpg_4171818.jpeg,Mon Jan 29 2024 7 PM – 8 PM PST (GMT-8),Plaza Verde MPR,
Movie Monday,https://campusgroups.uci.edu/upload/uci/2023/r2_image_upload_4589178_ACC_Lckp_3L_H_P_K_1_760x380jpg_4171818.jpeg,Mon Jan 29 2024 7 PM – 9:30 PM PST (GMT-8),Vista del Campo Mini Theatre,
RHA Coordinating Board Meeting,https://campusgroups.uci.edu/upload/uci/2024/r2_image_upload_4208010_23_rhalogoblue_12418612.png,Mon Jan 29 2024 7:30 PM – 9 PM PST (GMT-8),Online Event,
Credit Clarity,https://campusgroups.uci.edu/upload/uci/2023/r2_image_upload_4589178_ACC_Lckp_3L_H_P_K_1_760x380jpg_4171818.jpeg,Mon Jan 29 2024 8 PM – 9 PM PST (GMT-8),Plaza Verde MPR,
Winter 2024 - Volunteering Week 4,https://campusgroups.uci.edu/upload/uci/2023/r2_image_upload_1501549_Screen_Shot_20230131_at_105259_AM_131135321.png,Tue Jan 30 2024 8:00 AM – Thu Feb 29 2024 4:00 PM PST (GMT-8),Private Location (sign in to display),
Tuesday Garden Volunteer Hours,https://campusgroups.uci.edu/upload/uci/2023/r2_image_upload_4589351_bg5jpg_103233630.jpeg,Tue Jan 30 2024 9:30 AM – 11:30 AM PST (GMT-8),Private Location (sign in to display),
ICS OAI TUTORING+ PROGRAM In person Tuesdays,https://campusgroups.uci.edu/upload/uci/2024/r2_image_upload_2648924_OAI_Tutoring_Program_Winter24_118132942.png,Tue Jan 30 2024 10 AM – 5 PM PST (GMT-8),Private Location (sign in to display),
Gateway Initiative: Preparing for the Career Fair,https://campusgroups.uci.edu/upload/uci/2024/r2_image_upload_3953860_Gateway_Initiative_Workshop_Logo_1_116152511.png,Tue Jan 30 2024 11 AM – 12 PM PST (GMT-8),Private Location (sign in to display),
Pitch Perfect: Conquer Public Speaking ZotSpeak Toastmasters' Weekly Workshop,https://campusgroups.uci.edu/upload/uci/2023/r2_image_upload_1513341__122015434.png,Tue Jan 30 2024 12 PM – 1 PM PST (GMT-8),Private Location (sign in to display),
APALSA's General Meeting,https://campusgroups.uci.edu/upload/uci/2023/r2_image_4589253_lawbuilding760x380_81ddecdb-b5c7-4197-a2f1-01072cbf94cb_3813234.png,Tue Jan 30 2024 12 PM – 1 PM PST (GMT-8),MPAA 408,401 East Peltason Drive Irvine  CA 92697 United States
Bankruptcy Externship Panel,https://campusgroups.uci.edu/upload/uci/2023/r2_image_upload_3485416_CampusGroups_Banner_CDO_627174837.png,Tue Jan 30 2024 12 PM – 1 PM PST (GMT-8),Private Location (sign in to display),
Transfer Talk Tuesday: Library Resources,https://campusgroups.uci.edu/upload/uci/2023/r2_image_upload_1704560_TTT_Winter_2024_1_122214020.png,Tue Jan 30 2024 1 PM – 2 PM PST (GMT-8),Private Location (sign in to display),
Getting Career Ready: Resume Workshop with PHIT Program,https://campusgroups.uci.edu/upload/uci/2024/r2_image_upload_4073701_PHITCAUSE_Resume_Workshop_Winter_2024_11019233.png,Tue Jan 30 2024 1 PM – 2 PM PST (GMT-8),Online Event,
Anywhere Self-care,https://campusgroups.uci.edu/upload/uci/2023/r2_image_upload_4589178_ACC_Lckp_3L_H_P_K_1_760x380jpg_4171818.jpeg,Tue Jan 30 2024 1 PM – 2 PM PST (GMT-8),Camino del Sol Social,
Anywhere Self-care,https://campusgroups.uci.edu/upload/uci/2023/r2_image_upload_4589178_ACC_Lckp_3L_H_P_K_1_760x380jpg_4171818.jpeg,Tue Jan 30 2024 1 PM – 2 PM PST (GMT-8),Camino del Sol Social Room,
[Research Seminar] Envisioning the Future of Digital Privacy: Bridging Theory & Practice in Differential Privacy,https://campusgroups.uci.edu/upload/uci/2019/r2_image_upload_34747_ucicoverjpg_11254712.png,Tue Jan 30 2024 1 PM – 2 PM PST (GMT-8),Private Location (sign in to display),
Color My Mind + Insomnia Cookies,https://campusgroups.uci.edu/upload/uci/2024/r2_image_upload_1799862_cg_pg_Color_My_Mind_Insomnia_Cookies__111145420.png,Tue Jan 30 2024 2 PM – 3 PM PST (GMT-8),Private Location (sign in to display),
Theta Tau Service Event,https://campusgroups.uci.edu/upload/uci/2019/r2_image_upload_34747_ucicoverjpg_11254712.png,Tue Jan 30 2024 3 PM – 4 PM PST (GMT-8),Private Location (sign in to display),
RISE Suite Drop-In Hours,https://campusgroups.uci.edu/upload/uci/2022/r2_image_upload_1528695_Latinx_Resource_Center_Logotype_1216173632.png,Tue Jan 30 2024 4 PM – 5 PM PST (GMT-8),Private Location (sign in to display),
Flavors Without Borders,https://campusgroups.uci.edu/upload/uci/2023/r2_image_upload_4589178_ACC_Lckp_3L_H_P_K_1_760x380jpg_4171818.jpeg,Tue Jan 30 2024 4 PM – 6 PM PST (GMT-8),Camino del Sol Social Room,
GLAS & Long Institute | Benjamin Liebman - Redefining Legality in China,https://campusgroups.uci.edu/upload/uci/2023/r2_image_upload_4605003_CampusGroups_BannerGLAS_111315121.png,Tue Jan 30 2024 4 PM – 5 PM PST (GMT-8),Law Building (LAW) LAW 3500,401 East Peltason Drive Irvine  CA 92697 United States
LRC Mentorship Program Meetings,https://campusgroups.uci.edu/upload/uci/2024/r2_image_upload_2737816_MP_image_1_12214580.png,Tue Jan 30 2024 5 PM – 6 PM PST (GMT-8),RISE Suite South Student Center,University of California Irvine | RISE Suite G458 UCI Student Center Irvine Cali 92697-5125 United States
The Hub Info Session: Innovate with AI: ServiceNow's Tech Trek,https://campusgroups.uci.edu/upload/uci/2024/r2_image_upload_1513341_MicrosoftTeamsimage_5_18134853.png,Tue Jan 30 2024 5 PM – 6:30 PM PST (GMT-8),Private Location (sign in to display),
Study Sesh,https://campusgroups.uci.edu/upload/uci/2023/r2_image_upload_2736589_Study_Sesh_Program_Flyer_122005746.png,Tue Jan 30 2024 6 PM – 7 PM PST (GMT-8),Private Location (sign in to display),
LARC After Dark Drop-in Tutoring,https://campusgroups.uci.edu/upload/uci/2023/r2_image_upload_2227627_LARC_After_Dark_Winter_24_dropin_tutoring_122211535.png,Tue Jan 30 2024 6 PM – 7:50 PM PST (GMT-8),ALP 3700 - 3750,University of California Irvine Irvine CA  92697 United States
Norte Movie Night!,https://campusgroups.uci.edu/upload/uci/2023/r2_image_upload_4589178_ACC_Lckp_3L_H_P_K_1_760x380jpg_4171818.jpeg,Tue Jan 30 2024 7:30 PM – 9:20 PM PST (GMT-8),Vista del Campo Norte Conference Room,
ICS OAI TUTORING+ PROGRAM Virtual Wednesdays,https://campusgroups.uci.edu/upload/uci/2024/r2_image_upload_2648924_OAI_Tutoring_Program_Winter24_118133022.png,Wed Jan 31 2024 10 AM – 5 PM PST (GMT-8),Online Event,
Basic Needs Advocate Training,https://campusgroups.uci.edu/upload/uci/2023/r2_image_upload_1486272_F23_BN_Advocate_Training_Banner_1120144535.png,Wed Jan 31 2024 10 AM – 12 PM PST (GMT-8),Online Event,
Academic Bootcamp (ABC) - Winter 2024,https://campusgroups.uci.edu/upload/uci/2023/r2_image_upload_4572018_UCI_CC_Winter_24_Workshops_Flyer_1215173914.png,Wed Jan 31 2024 11 AM – 2 PM PST (GMT-8),Private Location (sign in to display),
UC Center Sacramento (UCCS) Information Booth @ Public Service & Social Impact Career Fair,https://campusgroups.uci.edu/upload/uci/2022/r2_image_upload_1531390_saccapitolprotestjpg_91413957.jpeg,Wed Jan 31 2024 11 AM – 2 PM PST (GMT-8),Outdoors on Aldrich Ring,Ring Road
LARC Peer Coach Office Hours (Veda),https://campusgroups.uci.edu/upload/uci/2022/r2_image_upload_2317988_flyer_image_upload_2320431_LARC_1_916203312_103171758.png,Wed Jan 31 2024 11:15 AM – 11:45 AM PST (GMT-8),Private Location (sign in to display),
Wednesday Wellness Walk: Mason Park,https://campusgroups.uci.edu/upload/uci/2023/r2_image_upload_2088257_WedWellnessWalk_Social_Visit_MasonPark01jpg_1213143110.jpeg,Wed Jan 31 2024 11:30 AM – 1 PM PST (GMT-8),Meet Outside Zot N' Go,G319 Student Center Irvine CA 92697 United States
Womxn's Empowerment: Feminist Book Club,https://campusgroups.uci.edu/upload/uci/2023/r2_image_upload_3959498_DIGITAL_EVENT_PHOTO_12517362.png,Wed Jan 31 2024 12 PM – 1 PM PST (GMT-8),Private Location (sign in to display),
Best Best & Krieger LLP: Lunch and Learn at UCI Law,https://campusgroups.uci.edu/upload/uci/2023/r2_image_upload_3485416_CampusGroups_Banner_CDO_627174837.png,Wed Jan 31 2024 12 PM – 1 PM PST (GMT-8),EDU 1111,401 East Peltason Drive Irvine  CA 92697 United States
LL.M. Workshop: Job Interviews,https://campusgroups.uci.edu/upload/uci/2024/r2_image_upload_1506642_LLM_Banner_1913263.png,Wed Jan 31 2024 12 PM – 1 PM PST (GMT-8),Private Location (sign in to display),
Wellness Wednesday,https://campusgroups.uci.edu/upload/uci/2023/r2_image_upload_3485416_CampusGroups_Banner_Student_Affairs_73117651.png,Wed Jan 31 2024 12 PM – 1 PM PST (GMT-8),Law Courtyard,4302 Pereira Dr. Irvine CA 92697 United States
NALSA Spring Semester Meet,https://campusgroups.uci.edu/upload/uci/2023/r2_image_4589253_lawbuilding760x380_81ddecdb-b5c7-4197-a2f1-01072cbf94cb_3813234.png,Wed Jan 31 2024 12 PM – 1 PM PST (GMT-8),Law Building (LAW) LAW 4750,401 East Peltason Drive Irvine  CA 92697 United States
Wellness Wednesdays,https://campusgroups.uci.edu/upload/uci/2023/r2_image_upload_1513341_Screenshot_20231220_at_11807_PM_1220161950.png,Wed Jan 31 2024 12 PM – 1 PM PST (GMT-8),Private Location (sign in to display),
Social Media Lunch 1: Mastering Social Media with Artificial Intelligence,https://campusgroups.uci.edu/upload/uci/2024/r2_image_upload_3953638_IMG_3600JPG_124215932.jpeg,Wed Jan 31 2024 12 PM – 1 PM PST (GMT-8),Private Location (sign in to display),
2024 Vision Board Hangout,https://campusgroups.uci.edu/upload/uci/2024/r2_image_upload_1797601_wellness_program_mock_up_1_118192752.png,Wed Jan 31 2024 12 PM – 1 PM PST (GMT-8),Cross Cultural Center Ring Room,Irvine CA 92697-5075 United States
Wednesday Garden Volunteer Hours - Shift 1,https://campusgroups.uci.edu/upload/uci/2023/r2_image_upload_4589351_PXL_20230424_210651099jpg_1014212334.jpeg,Wed Jan 31 2024 12 PM – 1 PM PST (GMT-8),Private Location (sign in to display),
Wellness Workshop Series - Winter 2024,https://campusgroups.uci.edu/upload/uci/2023/r2_image_upload_4572018_UCI_CC_Winter_24_Workshops_Flyer_2_1215174645.png,Wed Jan 31 2024 1 PM – 2 PM PST (GMT-8),Private Location (sign in to display),
Cafecito @ Latinx Resource Center,https://campusgroups.uci.edu/upload/uci/2024/r2_image_upload_2761093_Cafecitojpg_19175337.jpeg,Wed Jan 31 2024 1 PM – 1 PM PST (GMT-8),Private Location (sign in to display),
Mason Magic Crafting,https://campusgroups.uci.edu/upload/uci/2024/r2_image_upload_3958502_CES_Winter_2024_Workshop_FLyers_5_12715356.png,Wed Jan 31 2024 1 PM – 3 PM PST (GMT-8),Private Location (sign in to display),
Transfer Tea,https://campusgroups.uci.edu/upload/uci/2023/r2_image_upload_1704560_Transfer_Tea_1115153243.png,Wed Jan 31 2024 1 PM – 2 PM PST (GMT-8),Private Location (sign in to display),
LARC Peer Coach Office Hours (Melanie),https://campusgroups.uci.edu/upload/uci/2022/r2_image_upload_2317988_flyer_image_upload_2320431_LARC_1_916203312_103171758.png,Wed Jan 31 2024 1 PM – 1:30 PM PST (GMT-8),Private Location (sign in to display),
LARC Peer Coach Office Hours (Melanie),https://campusgroups.uci.edu/upload/uci/2022/r2_image_upload_2317988_flyer_image_upload_2320431_LARC_1_916203312_103171758.png,Wed Jan 31 2024 1:30 PM – 2 PM PST (GMT-8),Private Location (sign in to display),
LARC Peer Coach Office Hours (Melanie),https://campusgroups.uci.edu/upload/uci/2022/r2_image_upload_2317988_flyer_image_upload_2320431_LARC_1_916203312_103171758.png,Wed Jan 31 2024 2 PM – 2:30 PM PST (GMT-8),Private Location (sign in to display),
LARC Peer Coach Office Hours (Melanie),https://campusgroups.uci.edu/upload/uci/2022/r2_image_upload_2317988_flyer_image_upload_2320431_LARC_1_916203312_103171758.png,Wed Jan 31 2024 2 PM – 2:30 PM PST (GMT-8),Private Location (sign in to display),
Strategic Plan Check-In Meeting,https://campusgroups.uci.edu/upload/uci/2024/r2_image_upload_2447736_MicrosoftTeamsimage_62_119181638.png,Wed Jan 31 2024 2 PM – 3 PM PST (GMT-8),Online Event,
UC Center Sacramento (UCCS) Office Hours,https://campusgroups.uci.edu/upload/uci/2022/r2_image_upload_1531390_saccapitolprotestjpg_91413957.jpeg,Wed Jan 31 2024 2:15 PM – 3:15 PM PST (GMT-8),1200 Student Services II,1200 Student Services II
Grad Slam Pitch Workshop with Bri McWhorter (In-Person),https://campusgroups.uci.edu/upload/uci/2021/r2_image_upload_1679579_Presentation__830174313.jpeg,Wed Jan 31 2024 2:30 PM – 3:30 PM PST (GMT-8),GPSRC - 3100 Gateway Study Center,3100 Gateway Study Center Irvine CA 92697 United States
Spanish Hour Winter 24',https://campusgroups.uci.edu/upload/uci/2024/r2_image_upload_2743969_Spanish_Hour_Winter_2024jpg_12302755.jpeg,Wed Jan 31 2024 4 PM – 5 PM PST (GMT-8),Private Location (sign in to display),
Peer Review,https://campusgroups.uci.edu/upload/uci/2023/r2_image_upload_4589178_ACC_Lckp_3L_H_P_K_1_760x380jpg_4171818.jpeg,Wed Jan 31 2024 4:30 PM – 5:30 PM PST (GMT-8),Camino del Sol Social Room,
Keep Calm and Bowl On!,https://campusgroups.uci.edu/upload/uci/2023/r2_image_upload_4589178_ACC_Lckp_3L_H_P_K_1_760x380jpg_4171818.jpeg,Wed Jan 31 2024 5 PM – 6:30 PM PST (GMT-8),Grad Lounge/Lounge I,
Journal to Wellness,https://campusgroups.uci.edu/upload/uci/2023/r2_image_upload_2088257_JournalToWellness_Flyer01jpg_121415630.jpeg,Wed Jan 31 2024 5 PM – 6 PM PST (GMT-8),Student Center G319 Conference Room (Center for Student Wellness & Health Promotion,G319 Student Center Irvine CA 92697 United States
Free ACT/SAT Test Strategy Workshop,https://campusgroups.uci.edu/upload/uci/2021/r2_image_upload_2544026_DCE_CE1jpg_2514466.jpeg,Wed Jan 31 2024 6 PM – 7 PM PST (GMT-8),https://ce.uci.edu/resources/events/event.aspx?id=00220&t=WINTER,
LARC After Dark Drop-in Tutoring,https://campusgroups.uci.edu/upload/uci/2023/r2_image_upload_2227627_LARC_After_Dark_Winter_24_dropin_tutoring_122211535.png,Wed Jan 31 2024 6 PM – 7:50 PM PST (GMT-8),ALP 3700 - 3750,University of California Irvine Irvine CA  92697 United States
TBS General Meeting 2,https://campusgroups.uci.edu/upload/uci/2024/r2_image_upload_3953251_TBS_W24_GM2_1252627.png,Wed Jan 31 2024 6:30 PM – 7:30 PM PST (GMT-8),Online Event,
Thursday Garden Volunteer Hours - Shift 1,https://campusgroups.uci.edu/upload/uci/2023/r2_image_upload_2739697_avgarden_920182411.jpeg,Thu Feb 1 2024 9 AM – 10:30 AM PST (GMT-8),Private Location (sign in to display),
ICS OAI TUTORING+ PROGRAM Virtual Thursdays,https://campusgroups.uci.edu/upload/uci/2024/r2_image_upload_2648924_OAI_Tutoring_Program_Winter24_118133040.png,Thu Feb 1 2024 10 AM – 5 PM PST (GMT-8),Online Event,
In-Person Testing Appointment – Academic Testing Center,https://campusgroups.uci.edu/upload/uci/2023/r2_image_upload_1518228_20231019_133950jpg_121125451.jpeg,Thu Feb 1 2024 10 AM – 12 PM PST (GMT-8),Academic Testing Center,3040 Anteater Instruction & Research Building Irvine CA 92697 United States
Cup of SOAR,https://campusgroups.uci.edu/upload/uci/2024/r2_image_upload_1495481_Cup_of_SOAR_W24_Flyer_Instagram_Post_19183645.png,Thu Feb 1 2024 11 AM – 1 PM PST (GMT-8),Private Location (sign in to display),
The Power in Our Choice - Campus Abortion Care Panel,https://campusgroups.uci.edu/upload/uci/2024/r2_image_upload_2741952_RJPowerInOurChoice_DIGITAL_EVENT_PHOTO_12515579.png,Thu Feb 1 2024 11 AM – 12:30 PM PST (GMT-8),Private Location (sign in to display),
Anteater to ANTleader,https://campusgroups.uci.edu/upload/uci/2023/r2_image_upload_1513341_Screenshot_20231220_at_23611_PM_1220173827.png,Thu Feb 1 2024 12 PM – 12:50 PM PST (GMT-8),Private Location (sign in to display),
Navigating the Federal Job & Internship Search [Hybrid],https://campusgroups.uci.edu/upload/uci/2023/r2_image_upload_1531390_Fed_Jobs_Internships_1220122619.png,Thu Feb 1 2024 12:30 PM – 1:30 PM PST (GMT-8),Student Services II Room 1010 AB,1010 Student Services II
UCI Law On the Road with Dean Austen Parrish,https://campusgroups.uci.edu/upload/uci/2023/r2_image_upload_4589746_UCILaw_OnTheRoad_ALL_CITY_INVITEjpg_121417288.jpeg,Thu Feb 1 2024 1:00 PM – Thu Feb 29 2024 1:00 PM PST (GMT-8),Private Location (sign in to display),
Info Session - In Person,https://campusgroups.uci.edu/upload/uci/2024/r2_image_upload_1509153_Hiring_Info_Session_2425_1_12317528.png,Thu Feb 1 2024 2 PM – 3 PM PST (GMT-8),Student Services II Building room 1020,University of California Irvine Irvine CA  92697 United States
Hermanas Unidas Volunteer Shift,https://campusgroups.uci.edu/upload/uci/2023/r2_image_upload_4589351_bg5jpg_103233630.jpeg,Thu Feb 1 2024 3 PM – 5 PM PST (GMT-8),Ants In Your Plants Garden,1026 Arroyo Drive Irvine CA 92617 United States
Retro Rags and Snack Bags,https://campusgroups.uci.edu/upload/uci/2023/r2_image_upload_4589178_ACC_Lckp_3L_H_P_K_1_760x380jpg_4171818.jpeg,Thu Feb 1 2024 4 PM – 6 PM PST (GMT-8),Camino del Sol Social Room,
UCDC Information Session [Hybrid],https://campusgroups.uci.edu/upload/uci/2023/r2_image_upload_1531390_UCDC_CampusGroups_Event_Header_1140_570_822173959.png,Thu Feb 1 2024 4 PM – 5 PM PST (GMT-8),Student Services II Room 1010,1010 Student Services II
Graduate Student Workshop Series - Winter 2024,https://campusgroups.uci.edu/upload/uci/2023/r2_image_upload_4572018_UCI_CC_Winter_24_Workshops_Flyer_3_121517530.png,Thu Feb 1 2024 4 PM – 5 PM PST (GMT-8),Online Event,
Life in the U.S.: Costco Snacks,https://campusgroups.uci.edu/upload/uci/2024/r2_image_upload_3958496_LITUS_Snack_Sampling_Flyer_Medium_Banner_US_Landscape_110183714.png,Thu Feb 1 2024 4 PM – 6 PM PST (GMT-8),Private Location (sign in to display),
Palette to Palate,https://campusgroups.uci.edu/upload/uci/2023/r2_image_upload_4589178_ACC_Lckp_3L_H_P_K_1_760x380jpg_4171818.jpeg,Thu Feb 1 2024 5 PM – 7 PM PST (GMT-8),Vista del Campo Norte Conference Room,
From Trash to Trees,https://campusgroups.uci.edu/upload/uci/2023/r2_image_upload_4589178_ACC_Lckp_3L_H_P_K_1_760x380jpg_4171818.jpeg,Thu Feb 1 2024 5:30 PM – 7 PM PST (GMT-8),Vista Del Campo Graduate Villa,
Electrifying Music Exhibit Opening,https://campusgroups.uci.edu/upload/uci/2023/r2_image_upload_3786187_campusG_1280x640jpg_1128113024.jpeg,Thu Feb 1 2024 5:30 PM – 7:30 PM PST (GMT-8),Langson Library,University of California Irvine Irvine CA  92697 United States
Viral Integration: Group Art Exhibition Addresses Health Sciences,https://campusgroups.uci.edu/upload/uci/2024/r2_image_upload_4609950_art1web55b3bb2fb5455875jpg_125115620.jpeg,Thu Feb 1 2024 6:00 PM – Sun Dec 15 2024 7:00 PM PST (GMT-8),Susan & Samueli College of Health Sciences,856 Health Sciences Road Irvine CA 92617 United States
Rock Art Cafe,https://campusgroups.uci.edu/upload/uci/2023/r2_image_upload_4589178_ACC_Lckp_3L_H_P_K_1_760x380jpg_4171818.jpeg,Thu Feb 1 2024 6 PM – 7 PM PST (GMT-8),Camino del Sol Social Room,Irvine CA United States
Art Rock Cafe,https://campusgroups.uci.edu/upload/uci/2023/r2_image_upload_4589178_ACC_Lckp_3L_H_P_K_1_760x380jpg_4171818.jpeg,Thu Feb 1 2024 6 PM – 7 PM PST (GMT-8),Camino del Sol Social Room,Irvine CA United States
Friday Garden Volunteer Hours,https://campusgroups.uci.edu/upload/uci/2023/r2_image_upload_4589351_bg1jpg_103233935.jpeg,Fri Feb 2 2024 9:30 AM – 11:30 AM PST (GMT-8),Private Location (sign in to display),
Lounge Talks: Identity Development in Our 20's,https://campusgroups.uci.edu/upload/uci/2024/r2_image_upload_3959498_DIGITAL_EVENT_PHOTO_110182536.png,Fri Feb 2 2024 10 AM – 11 AM PST (GMT-8),Private Location (sign in to display),
International Coffee Hour: Black History Month,https://campusgroups.uci.edu/upload/uci/2024/r2_image_upload_3958496_Coffee_Hour_Flyer_W24_Medium_Banner_US_Landscape_110175515.png,Fri Feb 2 2024 11 AM – 12:30 PM PST (GMT-8),Private Location (sign in to display),
CLSC | Socio-Legal Studies Workshop: Sayid Bnefsi - Infliction of Precarity,https://campusgroups.uci.edu/upload/uci/2023/r2_image_upload_4605003_CampusGroups_BannerCLSC_811174918.png,Fri Feb 2 2024 12 PM – 1:15 PM PST (GMT-8),Law Building (LAW) LAW 3500,401 East Peltason Drive Irvine  CA 92697 United States
Womxn's Leadership Seminar: Building Relations through Networking,https://campusgroups.uci.edu/upload/uci/2023/r2_image_upload_2741952_DIGITAL_EVENT_PHOTO_128173158.png,Fri Feb 2 2024 12:30 PM – 3 PM PST (GMT-8),Private Location (sign in to display),
Hooked on Crochet,https://campusgroups.uci.edu/upload/uci/2023/r2_image_upload_4589178_ACC_Lckp_3L_H_P_K_1_760x380jpg_4171818.jpeg,Fri Feb 2 2024 2 PM – 3:30 PM PST (GMT-8),Put the location here (example: Camino del Sol Social Room),
Hooked on Crochet,https://campusgroups.uci.edu/upload/uci/2024/r2_image_upload_2736097_Beige_Illustrative_Workshop_Event_Poster_1_1911294.png,Fri Feb 2 2024 2 PM – 3:30 PM PST (GMT-8),VdCN conference room,
Let Us Tie-Dye,https://campusgroups.uci.edu/upload/uci/2023/r2_image_upload_4589178_ACC_Lckp_3L_H_P_K_1_760x380jpg_4171818.jpeg,Fri Feb 2 2024 3 PM – 4:30 PM PST (GMT-8),Vista Del Campo Courtyard,
FYRE Winter Movie Night,https://campusgroups.uci.edu/upload/uci/2024/r2_image_upload_2739496_Mean_Girls_1_122133521.png,Fri Feb 2 2024 3 PM – 7 PM PST (GMT-8),Private Location (register to display),
Black History Month Kick-Off,https://campusgroups.uci.edu/upload/uci/2024/r2_image_upload_2741047_Black_Illustrative_Line_Black_History_Month_A3_Poster_119202758.png,Fri Feb 2 2024 4 PM – 6 PM PST (GMT-8),Private Location (sign in to display),
Pin It Together,https://campusgroups.uci.edu/upload/uci/2023/r2_image_upload_4589178_ACC_Lckp_3L_H_P_K_1_760x380jpg_4171818.jpeg,Fri Feb 2 2024 6 PM – 7 PM PST (GMT-8),Camino del Sol Social Room,Irvine CA United States
"Music Faculty Artist Series: Yuliya Minina, piano",https://campusgroups.uci.edu/upload/uci/2023/r2_image_upload_2319150_MininaFAS1920x1280jpg_8221923.jpeg,Fri Feb 2 2024 8 PM – 8 PM PST (GMT-8),Winifred Smith Hall (parking: Mesa Structure at 4000 Mesa Rd; Irvine CA 92617),
Global Blue Skies Conference,https://campusgroups.uci.edu/upload/uci/2024/r2_image_upload_2320396_Global_Blue_Skies_Save_the_Date_FINAL_2jpg_1913719.jpeg,Sat Feb 3 2024 7 AM – 5 PM PST (GMT-8),UCI Sue Gross Auditorium UCI Susan Samueli Integrative Health Institute,
Saturday Hoops and Bites,https://campusgroups.uci.edu/upload/uci/2023/r2_image_upload_4589178_ACC_Lckp_3L_H_P_K_1_760x380jpg_4171818.jpeg,Sat Feb 3 2024 10:30 AM – 12 PM PST (GMT-8),ARC outside basketball courts,
Saturday Hoops and Bites,https://campusgroups.uci.edu/upload/uci/2024/r2_image_upload_2736097_orange_simple_basketball_sparing_flyer_19112832.png,Sat Feb 3 2024 10:30 AM – 12 PM PST (GMT-8),ARC outside basketball courts,
Katherine Behar: Ack! Knowledge! Work!,https://campusgroups.uci.edu/upload/uci/2023/r2_image_upload_2319150_AnonymousAutonomousv3_9357jpg_1128173240.jpeg,Sat Feb 3 2024 12:00 PM – Sat Apr 20 2024 6:00 PM PST (GMT-8),Beall Center for Art + Technology (parking: Mesa Structure at 4000 Mesa Rd; Irvine CA 92617),
Fiesta of Culture: A Movie Night to Embrace Diversity,https://campusgroups.uci.edu/upload/uci/2023/r2_image_upload_4589178_ACC_Lckp_3L_H_P_K_1_760x380jpg_4171818.jpeg,Sat Feb 3 2024 5 PM – 7 PM PST (GMT-8),MPR Plaza Verde,
King Lear,https://campusgroups.uci.edu/upload/uci/2023/r2_image_upload_2319150_2KNLART1920x1280jpg_814123040.jpeg,Sat Feb 3 2024 8:00 PM – Sat Feb 10 2024 8:00 PM PST (GMT-8),Claire Trevor Theatre (parking: Mesa Structure at 4000 Mesa Rd; Irvine CA 92617),
Lunar Festivities,https://campusgroups.uci.edu/upload/uci/2023/r2_image_upload_4589178_ACC_Lckp_3L_H_P_K_1_760x380jpg_4171818.jpeg,Sun Feb 4 2024 12 PM – 2 PM PST (GMT-8),Plaza Verde MPR,
ICS OAI TUTORING+ PROGRAM In person Mondays,https://campusgroups.uci.edu/upload/uci/2024/r2_image_upload_2648924_OAI_Tutoring_Program_Winter24_11813313.png,Mon Feb 5 2024 10 AM – 5 PM PST (GMT-8),Private Location (sign in to display),
In-Person Testing Appointment – Academic Testing Center,https://campusgroups.uci.edu/upload/uci/2023/r2_image_upload_1518228_20231019_133950jpg_121125451.jpeg,Mon Feb 5 2024 10 AM – 12 PM PST (GMT-8),Academic Testing Center,3040 Anteater Instruction & Research Building Irvine CA 92697 United States
Clinical Ayurveda: Expansion in the Spa and Wellness Industries,https://campusgroups.uci.edu/upload/uci/2024/r2_image_upload_4029161_Spa_webinar_imagejpg_119143348.jpeg,Mon Feb 5 2024 11 AM – 12 PM PST (GMT-8),Online Event,
Professionalism Presented by Enterprise Mobility,https://campusgroups.uci.edu/upload/uci/2024/r2_image_upload_1528697_hsemplogodata__19192948.png,Mon Feb 5 2024 11 AM – 12 PM PST (GMT-8),Private Location (sign in to display),
Cup of SOAR,https://campusgroups.uci.edu/upload/uci/2024/r2_image_upload_1495481_Cup_of_SOAR_W24_Flyer_Instagram_Post_19183645.png,Mon Feb 5 2024 11 AM – 1 PM PST (GMT-8),Private Location (sign in to display),
Monday Garden Volunteer Hours,https://campusgroups.uci.edu/upload/uci/2023/r2_image_upload_4589351_bg4jpg_103233831.jpeg,Mon Feb 5 2024 11:30 AM – 3 PM PST (GMT-8),Private Location (sign in to display),
Monday Garden Volunteer Hours,https://campusgroups.uci.edu/upload/uci/2023/r2_image_upload_4589351_bg4jpg_103233831.jpeg,Mon Feb 5 2024 11:30 AM – 2:30 PM PST (GMT-8),Private Location (sign in to display),
Affinity Council Meeting,https://campusgroups.uci.edu/upload/uci/2023/r2_image_upload_3485416_CampusGroups_Banner_Student_Affairs_73117651.png,Mon Feb 5 2024 12 PM – 1 PM PST (GMT-8),MPAA 408,4302 Pereira Dr. Irvine CA 92697 United States
Valentine's Scavenger Hunt,https://campusgroups.uci.edu/upload/uci/2023/r2_image_upload_4589178_ACC_Lckp_3L_H_P_K_1_760x380jpg_4171818.jpeg,Mon Feb 5 2024 12 PM – 1 PM PST (GMT-8),Puerta del Sol MPR,
Ongoing: Why Make Things? Workshop,https://campusgroups.uci.edu/upload/uci/2023/r2_image_upload_4572018_Why_Make_Things_1_121517933.png,Mon Feb 5 2024 1 PM – 1 PM PST (GMT-8),Private Location (sign in to display),
Step Up! Bystander Intervention Training,https://campusgroups.uci.edu/upload/uci/2023/r2_image_upload_2088257_StepUp_Winter_Week5jpg_1211143527.jpeg,Mon Feb 5 2024 1 PM – 3 PM PST (GMT-8),Student Center Woods Cove C,G319 Student Center Irvine CA 92697 United States
CPT & Internship Search,https://campusgroups.uci.edu/upload/uci/2019/r2_image_upload_34747_ucicoverjpg_11254712.png,Mon Feb 5 2024 1 PM – 2 PM PST (GMT-8),Online Event,
Winter Travel Award Deadline,https://campusgroups.uci.edu/upload/uci/2021/r2_image_upload_2087230_UCI_UROP_small_blue_square_712204813.png,Mon Feb 5 2024 1 PM – 11:55 PM PST (GMT-8),Online Event,
Info Session - Virtual,https://campusgroups.uci.edu/upload/uci/2024/r2_image_upload_1509153_Hiring_Info_Session_2425_1_12317027.png,Mon Feb 5 2024 2 PM – 3 PM PST (GMT-8),Online Event,
Anteaters for Recovery (Support Group),https://campusgroups.uci.edu/upload/uci/2023/r2_image_upload_2088257_AFR_IG_Winterjpg_1211133530.jpeg,Mon Feb 5 2024 3:30 PM – 5 PM PST (GMT-8),Student Center G319 Conference Room (Center for Student Wellness & Health Promotion),G319 Student Center Irvine CA 92697 United States
Flavor Detective: The International Taste Challenge,https://campusgroups.uci.edu/upload/uci/2023/r2_image_upload_4589178_ACC_Lckp_3L_H_P_K_1_760x380jpg_4171818.jpeg,Mon Feb 5 2024 4 PM – 6 PM PST (GMT-8),Camino del Sol Social Room,
Mindful Mondays,https://campusgroups.uci.edu/upload/uci/2023/r2_image_upload_2088257_MindfulMondays_1920x1080jpg_121314936.jpeg,Mon Feb 5 2024 4 PM – 4:30 PM PST (GMT-8),Meet Outside Zot N' Go,G319 Student Center Irvine CA 92697 United States
Food for Thought,https://campusgroups.uci.edu/upload/uci/2023/r2_image_upload_4589178_ACC_Lckp_3L_H_P_K_1_760x380jpg_4171818.jpeg,Mon Feb 5 2024 5 PM – 6 PM PST (GMT-8),Vista del Campo Dining Room,
LRC Mentorship Program Meetings,https://campusgroups.uci.edu/upload/uci/2024/r2_image_upload_2737816_MP_image_1_12214580.png,Mon Feb 5 2024 5 PM – 6 PM PST (GMT-8),RISE Suite South Student Center,University of California Irvine | RISE Suite G458 UCI Student Center Irvine Cali 92697-5125 United States
ASUCI Matchmaking Dating Game Show,https://campusgroups.uci.edu/upload/uci/2024/r2_image_upload_1802575_image0jpg_12454519.jpeg,Mon Feb 5 2024 6 PM – 8 PM PST (GMT-8),Private Location (sign in to display),
Nu Rho Psi Winter Week 5 Meeting,https://campusgroups.uci.edu/upload/uci/2024/r2_image_upload_1796488_neurowebp_14175527.jpeg,Mon Feb 5 2024 6 PM – 7 PM PST (GMT-8),Private Location (sign in to display),
study and snacks: valentine's day edition,https://campusgroups.uci.edu/upload/uci/2023/r2_image_upload_4589178_ACC_Lckp_3L_H_P_K_1_760x380jpg_4171818.jpeg,Mon Feb 5 2024 7 PM – 9 PM PST (GMT-8),292 lobby (norte),
"Good Credit, Good Donuts",https://campusgroups.uci.edu/upload/uci/2023/r2_image_upload_4589178_ACC_Lckp_3L_H_P_K_1_760x380jpg_4171818.jpeg,Mon Feb 5 2024 7 PM – 8 PM PST (GMT-8),Plaza Verde MPR,
Buffalo Spot & Bingo,https://campusgroups.uci.edu/upload/uci/2024/r2_image_upload_1802779_buffalo_spot_bingo_126115835.png,Mon Feb 5 2024 7 PM – 8 PM PST (GMT-8),Vista del Campo Norte Conference Room,Irvine CA United States
Sweetheart Telegrams,https://campusgroups.uci.edu/upload/uci/2023/r2_image_upload_4589178_ACC_Lckp_3L_H_P_K_1_760x380jpg_4171818.jpeg,Mon Feb 5 2024 7:30 PM – 8:30 PM PST (GMT-8),Plaza Verde Multipurpose Room,
RHA Coordinating Board Meeting,https://campusgroups.uci.edu/upload/uci/2024/r2_image_upload_4208010_23_rhalogoblue_12418612.png,Mon Feb 5 2024 7:30 PM – 9 PM PST (GMT-8),Online Event,
Tuesday Garden Volunteer Hours,https://campusgroups.uci.edu/upload/uci/2023/r2_image_upload_4589351_bg5jpg_103233630.jpeg,Tue Feb 6 2024 9:30 AM – 11:30 AM PST (GMT-8),Private Location (sign in to display),
ICS OAI TUTORING+ PROGRAM In person Tuesdays,https://campusgroups.uci.edu/upload/uci/2024/r2_image_upload_2648924_OAI_Tutoring_Program_Winter24_118133118.png,Tue Feb 6 2024 10 AM – 5 PM PST (GMT-8),Private Location (sign in to display),
Career Workshop: Salary Negotiation,https://campusgroups.uci.edu/upload/uci/2024/r2_image_upload_1679573_salaryjfif_18142933.jpeg,Tue Feb 6 2024 12 PM – 1:30 PM PST (GMT-8),GPSRC,3100 Gateway Study Center Irvine CA 92697 United States
Crafting Communication ZotSpeak Toastmasters' Weekly Workshop,https://campusgroups.uci.edu/upload/uci/2023/r2_image_upload_1513341__122015434.png,Tue Feb 6 2024 12 PM – 1 PM PST (GMT-8),Private Location (sign in to display),
Scholar Programs: Winter Scholar & Spouses Social Mixer,https://campusgroups.uci.edu/upload/uci/2019/r2_image_upload_34747_ucicoverjpg_11254712.png,Tue Feb 6 2024 1 PM – 2 PM PST (GMT-8),Private Location (sign in to display),
Make Grass Not Gas,https://campusgroups.uci.edu/upload/uci/2024/r2_image_upload_1795161_Make_Grass_Not_Gas_Week_5_125143033.png,Tue Feb 6 2024 2 PM – 3 PM PST (GMT-8),Newport Beach Room B,University of California Irvine Irvine CA  92697 United States
Teatime Tuesdays,https://campusgroups.uci.edu/upload/uci/2023/r2_image_upload_1805124_TeaTime_Tuesdays_CampusGroups_1_122213045.png,Tue Feb 6 2024 2 PM – 3 PM PST (GMT-8),Private Location (sign in to display),
PHIT Internship Program - Virtual Office Hours,https://campusgroups.uci.edu/upload/uci/2024/r2_image_upload_4073701_Office_hours_header_15151756.png,Tue Feb 6 2024 2:30 PM – 3:30 PM PST (GMT-8),Online Event,
Book Trade Fest,https://campusgroups.uci.edu/upload/uci/2023/r2_image_upload_4589178_ACC_Lckp_3L_H_P_K_1_760x380jpg_4171818.jpeg,Tue Feb 6 2024 4 PM – 5 PM PST (GMT-8),Camino del Sol Social Room,
RISE Suite Drop-In Hours,https://campusgroups.uci.edu/upload/uci/2022/r2_image_upload_1528695_Latinx_Resource_Center_Logotype_1216173632.png,Tue Feb 6 2024 4 PM – 5 PM PST (GMT-8),Private Location (sign in to display),
Knight-Hennessy Scholarship Workshop with Christian Tanja,https://campusgroups.uci.edu/upload/uci/2024/r2_image_upload_1805124_KnightHennessy_Scholarship_Workshop_CampusGroups_760_x_380_px_3_12219446.png,Tue Feb 6 2024 5 PM – 6 PM PST (GMT-8),Science Library iLabs A&B,570 Science Library Irvine CA 92697 United States
LRC Mentorship Program Meetings,https://campusgroups.uci.edu/upload/uci/2024/r2_image_upload_2737816_MP_image_1_12214580.png,Tue Feb 6 2024 5 PM – 6 PM PST (GMT-8),RISE Suite South Student Center,University of California Irvine | RISE Suite G458 UCI Student Center Irvine Cali 92697-5125 United States
Climate Change Conversations: Decarbonizing Our Future,https://campusgroups.uci.edu/upload/uci/2019/r2_image_upload_34747_ucicoverjpg_11254712.png,Tue Feb 6 2024 6 PM – 7:30 PM PST (GMT-8),Private Location (sign in to display),
LARC After Dark Drop-in Tutoring,https://campusgroups.uci.edu/upload/uci/2023/r2_image_upload_2227627_LARC_After_Dark_Winter_24_dropin_tutoring_122211535.png,Tue Feb 6 2024 6 PM – 7:50 PM PST (GMT-8),ALP 3700 - 3750,University of California Irvine Irvine CA  92697 United States
2024 Community Lecture Series | Red Eyes,https://campusgroups.uci.edu/upload/uci/2024/r2_image_upload_4588132_2024_Community_Lecture_Series_Ocular_Oncology_4_19154840.png,Tue Feb 6 2024 7 PM – 8 PM PST (GMT-8),Online Event,
Plaza Plants,https://campusgroups.uci.edu/upload/uci/2023/r2_image_upload_4589178_ACC_Lckp_3L_H_P_K_1_760x380jpg_4171818.jpeg,Tue Feb 6 2024 7 PM – 8 PM PST (GMT-8),Plaza Verde MPR,
Turn Back Time,https://campusgroups.uci.edu/upload/uci/2023/r2_image_upload_4589178_ACC_Lckp_3L_H_P_K_1_760x380jpg_4171818.jpeg,Tue Feb 6 2024 7:30 PM – 8:30 PM PST (GMT-8),Camino del Sol Social Room,-
Student Affairs Quarterly Updates for Academic Units,https://campusgroups.uci.edu/upload/uci/2023/r2_image_upload_2125221_MicrosoftTeamsimage_21_314163935.png,Wed Feb 7 2024 10 AM – 12 PM PST (GMT-8),Private Location (register to display),
ICS OAI TUTORING+ PROGRAM Virtual Wednesdays,https://campusgroups.uci.edu/upload/uci/2024/r2_image_upload_2648924_OAI_Tutoring_Program_Winter24_118133139.png,Wed Feb 7 2024 10 AM – 5 PM PST (GMT-8),Online Event,
Counselors and IECs: Supporting Students with Physical Disabilities and Health Conditions,https://campusgroups.uci.edu/upload/uci/2024/r2_image_upload_4029161_IEC_webinar_imagejpg_11914373.jpeg,Wed Feb 7 2024 11 AM – 12 PM PST (GMT-8),Online Event,
Academic Bootcamp (ABC) - Winter 2024,https://campusgroups.uci.edu/upload/uci/2023/r2_image_upload_4572018_UCI_CC_Winter_24_Workshops_Flyer_1215173914.png,Wed Feb 7 2024 11 AM – 2 PM PST (GMT-8),Private Location (sign in to display),
Wellness Wednesday,https://campusgroups.uci.edu/upload/uci/2023/r2_image_upload_3485416_CampusGroups_Banner_Student_Affairs_73117651.png,Wed Feb 7 2024 12 PM – 1 PM PST (GMT-8),Law Courtyard,4302 Pereira Dr. Irvine CA 92697 United States
OutLaw Spring General Meeting,https://campusgroups.uci.edu/upload/uci/2023/r2_image_4589253_lawbuilding760x380_81ddecdb-b5c7-4197-a2f1-01072cbf94cb_3813234.png,Wed Feb 7 2024 12 PM – 1:15 PM PST (GMT-8),Education Building EDU 1111,401 East Peltason Drive Irvine  CA 92697 United States
Wednesday Garden Volunteer Hours - Shift 1,https://campusgroups.uci.edu/upload/uci/2023/r2_image_upload_4589351_PXL_20230424_210651099jpg_1014212334.jpeg,Wed Feb 7 2024 12 PM – 1 PM PST (GMT-8),Private Location (sign in to display),
Study Hour,https://campusgroups.uci.edu/upload/uci/2024/r2_image_upload_2761093_Study_Hourjpg_19174549.jpeg,Wed Feb 7 2024 12:30 PM – 1:30 PM PST (GMT-8),Latinx Resource Center Corner Conference Room,University of California Irvine Irvine CA  92697 United States
Wellness Workshop Series - Winter 2024,https://campusgroups.uci.edu/upload/uci/2023/r2_image_upload_4572018_UCI_CC_Winter_24_Workshops_Flyer_2_1215174645.png,Wed Feb 7 2024 1 PM – 2 PM PST (GMT-8),Private Location (sign in to display),
Transfer Tea,https://campusgroups.uci.edu/upload/uci/2023/r2_image_upload_1704560_Transfer_Tea_1115153338.png,Wed Feb 7 2024 1 PM – 2 PM PST (GMT-8),Private Location (sign in to display),
Sweet Spins,https://campusgroups.uci.edu/upload/uci/2023/r2_image_upload_4589178_ACC_Lckp_3L_H_P_K_1_760x380jpg_4171818.jpeg,Wed Feb 7 2024 1 PM – 5 PM PST (GMT-8),Vista del Campo Front Desk,
Wednesday Garden Volunteer Hours - Shift 2,https://campusgroups.uci.edu/upload/uci/2023/r2_image_upload_4589351_PXL_20230424_210651099jpg_1014211911.jpeg,Wed Feb 7 2024 2 PM – 4 PM PST (GMT-8),Private Location (sign in to display),
Wednesday Garden Volunteer Hours,https://campusgroups.uci.edu/upload/uci/2023/r2_image_upload_4589351_PXL_20230424_210651099jpg_1014211911.jpeg,Wed Feb 7 2024 2 PM – 4 PM PST (GMT-8),Private Location (sign in to display),
Latinx Perspectives of Environmentalism in OC,https://campusgroups.uci.edu/upload/uci/2024/r2_image_upload_4169199_W24_Week_4_Intersectional_Enviro_600_x_400_px_600_x_200_px_125135552.png,Wed Feb 7 2024 3 PM – 4 PM PST (GMT-8),RISE Suite at UCI Student Center & Zoom (hybrid),University of California Irvine Irvine CA  92697 United States
Beyond Ring Road,https://campusgroups.uci.edu/upload/uci/2023/r2_image_upload_4572018_BRR_WINTYER_2024_FLYER_1_1215172227.png,Wed Feb 7 2024 3 PM – 5:15 PM PST (GMT-8),Private Location (sign in to display),
Midterm Study Jam,https://campusgroups.uci.edu/upload/uci/2024/r2_image_upload_3958502_CES_Winter_2024_Workshop_FLyers_3_124172621.png,Wed Feb 7 2024 3 PM – 5 PM PST (GMT-8),Private Location (sign in to display),
Coffee Date,https://campusgroups.uci.edu/upload/uci/2023/r2_image_upload_4589178_ACC_Lckp_3L_H_P_K_1_760x380jpg_4171818.jpeg,Wed Feb 7 2024 4 PM – 5 PM PST (GMT-8),Plaza Verde MPR,
Spanish Hour Winter 24',https://campusgroups.uci.edu/upload/uci/2024/r2_image_upload_2743969_Spanish_Hour_Winter_2024jpg_1230278.jpeg,Wed Feb 7 2024 4 PM – 5 PM PST (GMT-8),Private Location (sign in to display),
OC Eats Expedition,https://campusgroups.uci.edu/upload/uci/2023/r2_image_upload_4589178_ACC_Lckp_3L_H_P_K_1_760x380jpg_4171818.jpeg,Wed Feb 7 2024 4 PM – 6 PM PST (GMT-8),Camino del Sol Social Room,
Relax and Reflect,https://campusgroups.uci.edu/upload/uci/2023/r2_image_upload_4589178_ACC_Lckp_3L_H_P_K_1_760x380jpg_4171818.jpeg,Wed Feb 7 2024 4 PM – 5 PM PST (GMT-8),Vista del Campo Dining Room,
Squeeze the Stress Out,https://campusgroups.uci.edu/upload/uci/2023/r2_image_upload_4589178_ACC_Lckp_3L_H_P_K_1_760x380jpg_4171818.jpeg,Wed Feb 7 2024 5 PM – 6 PM PST (GMT-8),Puerta del Sol Multipurpose Room,
SACNAS General Meeting,https://campusgroups.uci.edu/upload/uci/2024/r2_image_upload_2761093_GMjpg_111195045.jpeg,Wed Feb 7 2024 5 PM – 6 PM PST (GMT-8),Steinhaus 267,University of California Irvine Irvine CA  92697 United States
Cards for fun,https://campusgroups.uci.edu/upload/uci/2023/r2_image_upload_4589178_ACC_Lckp_3L_H_P_K_1_760x380jpg_4171818.jpeg,Wed Feb 7 2024 6 PM – 7 PM PST (GMT-8),Camino del Sol Social Room,
LARC After Dark Drop-in Tutoring,https://campusgroups.uci.edu/upload/uci/2023/r2_image_upload_2227627_LARC_After_Dark_Winter_24_dropin_tutoring_122211535.png,Wed Feb 7 2024 6 PM – 7:50 PM PST (GMT-8),ALP 3700 - 3750,University of California Irvine Irvine CA  92697 United States
An Evening with Ropes & Gray,https://campusgroups.uci.edu/upload/uci/2023/r2_image_4589253_lawbuilding760x380_81ddecdb-b5c7-4197-a2f1-01072cbf94cb_3813234.png,Wed Feb 7 2024 6:30 PM – 9 PM PST (GMT-8),Education Building EDU 1111,401 East Peltason Drive Irvine  CA 92697 United States
"GMB at UCI Week 5 Meeting, Winter 2024",https://campusgroups.uci.edu/upload/uci/2023/r2_image_upload_1797567_GMB_image_930194642.png,Wed Feb 7 2024 7 PM – 8 PM PST (GMT-8),Private Location (sign in to display),
Thursday Garden Volunteer Hours - Shift 1,https://campusgroups.uci.edu/upload/uci/2023/r2_image_upload_2739697_avgarden_920182411.jpeg,Thu Feb 8 2024 9 AM – 10:30 AM PST (GMT-8),Private Location (sign in to display),
ICS OAI TUTORING+ PROGRAM Virtual Thursdays,https://campusgroups.uci.edu/upload/uci/2024/r2_image_upload_2648924_OAI_Tutoring_Program_Winter24_118133153.png,Thu Feb 8 2024 10 AM – 5 PM PST (GMT-8),Online Event,
In-Person Testing Appointment – Academic Testing Center,https://campusgroups.uci.edu/upload/uci/2023/r2_image_upload_1518228_20231019_133950jpg_121125451.jpeg,Thu Feb 8 2024 10 AM – 12 PM PST (GMT-8),Academic Testing Center,3040 Anteater Instruction & Research Building Irvine CA 92697 United States
Cup of SOAR,https://campusgroups.uci.edu/upload/uci/2024/r2_image_upload_1495481_Cup_of_SOAR_W24_Flyer_Instagram_Post_19183645.png,Thu Feb 8 2024 11 AM – 1 PM PST (GMT-8),Private Location (sign in to display),
Thursday Garden Volunteer Hours - Shift 2,https://campusgroups.uci.edu/upload/uci/2023/r2_image_upload_2739697_avgarden_920182411.jpeg,Thu Feb 8 2024 12 PM – 1:30 PM PST (GMT-8),Private Location (sign in to display),
Anteater to ANTleader,https://campusgroups.uci.edu/upload/uci/2023/r2_image_upload_1513341_Screenshot_20231220_at_23611_PM_1220173827.png,Thu Feb 8 2024 12 PM – 12:50 PM PST (GMT-8),Private Location (sign in to display),
First-Gen Professionals Spring General Meeting,https://campusgroups.uci.edu/upload/uci/2023/r2_image_4589253_lawbuilding760x380_81ddecdb-b5c7-4197-a2f1-01072cbf94cb_3813234.png,Thu Feb 8 2024 12 PM – 1 PM PST (GMT-8),Education Building EDU 1111,401 East Peltason Drive Irvine  CA 92697 United States
Public Health Informatics & Technology (PHIT) Program Information Session,https://campusgroups.uci.edu/upload/uci/2024/r2_image_upload_4073701_Information_Sessions_header_1515744.png,Thu Feb 8 2024 2 PM – 3 PM PST (GMT-8),Online Event,
Vision for the Future,https://campusgroups.uci.edu/upload/uci/2024/r2_image_upload_1795282_IG_verjpg_12223227.jpeg,Thu Feb 8 2024 2 PM – 4 PM PST (GMT-8),Private Location (sign in to display),
Graduate Student Workshop Series - Winter 2024,https://campusgroups.uci.edu/upload/uci/2023/r2_image_upload_4572018_UCI_CC_Winter_24_Workshops_Flyer_3_121517530.png,Thu Feb 8 2024 4 PM – 5 PM PST (GMT-8),Online Event,
PI Potluck,https://campusgroups.uci.edu/upload/uci/2019/r2_image_upload_34747_ucicoverjpg_11254712.png,Thu Feb 8 2024 4 PM – 6:30 PM PST (GMT-8),Private Location (sign in to display),
Cultural Connections Series: Dating & Relationships (in collaboration w/ Counseling Center),https://campusgroups.uci.edu/upload/uci/2019/r2_image_upload_34747_ucicoverjpg_11254712.png,Thu Feb 8 2024 5 PM – 6 PM PST (GMT-8),Private Location (sign in to display),
Verde Valentines,https://campusgroups.uci.edu/upload/uci/2023/r2_image_upload_4589178_ACC_Lckp_3L_H_P_K_1_760x380jpg_4171818.jpeg,Thu Feb 8 2024 5 PM – 6 PM PST (GMT-8),Plaza Verde Community Center,
Love U A Glow-Lotta,https://campusgroups.uci.edu/upload/uci/2023/r2_image_upload_4589178_ACC_Lckp_3L_H_P_K_1_760x380jpg_4171818.jpeg,Thu Feb 8 2024 6 PM – 7:30 PM PST (GMT-8),Camino del Sol Social Room,
Be a Plaza Valentine!,https://campusgroups.uci.edu/upload/uci/2023/r2_image_upload_4589178_ACC_Lckp_3L_H_P_K_1_760x380jpg_4171818.jpeg,Thu Feb 8 2024 6 PM – 7 PM PST (GMT-8),Plaza Verde - MPR,
Online LASIK Surgery Seminar - February 8,https://campusgroups.uci.edu/upload/uci/2024/r2_image_upload_4588132_V2_4_19165240.png,Thu Feb 8 2024 6:30 PM – 7:30 PM PST (GMT-8),Online Event,
CTSA: King Lear- Students Only!,https://campusgroups.uci.edu/upload/uci/2024/r2_image_upload_1800476_King_Lear_117165947.jpeg,Thu Feb 8 2024 8 PM – 10:30 PM PST (GMT-8),Claire Trevor Theatre,4000 Mesa Rd Irvine CA 92697 United States
The Infernal Comedy with John Malkovich,https://campusgroups.uci.edu/upload/uci/2023/r2_image_upload_3786308_malkovich_58jpg_628161950.jpeg,Thu Feb 8 2024 8 PM – 10 PM PST (GMT-8),Irvine Barclay Theatre,4242 Campus Dr Irvine CA 92617 United States
UCI Grad Slam In-Person Semi-Finals,https://campusgroups.uci.edu/upload/uci/2020/r2_image_upload_1679579_GDLogojpg_82723243.jpeg,Fri Feb 9 2024 9 AM – 6:30 PM PST (GMT-8),UCI Student Center - Doheny A,UCI Student Center - Doheny A
Friday Garden Volunteer Hours,https://campusgroups.uci.edu/upload/uci/2023/r2_image_upload_4589351_bg1jpg_103233935.jpeg,Fri Feb 9 2024 9:30 AM – 11:30 AM PST (GMT-8),Private Location (sign in to display),
Celebration of Professor Dan Burk's Scholarly Contributions,https://campusgroups.uci.edu/upload/uci/2023/r2_image_upload_4589746_burk_15th_122212364.png,Fri Feb 9 2024 9:30 AM – 5:30 PM PST (GMT-8),UCI Law,
International Coffee Hour: Lunar New Year,https://campusgroups.uci.edu/upload/uci/2024/r2_image_upload_3958496_Coffee_Hour_Flyer_W24_Medium_Banner_US_Landscape_110175515.png,Fri Feb 9 2024 11 AM – 12:30 PM PST (GMT-8),Private Location (sign in to display),
CLSC | Socio-Legal Studies Workshop: Katya Moiseeva - Cannabis Legalization in California: A Critical View on Socio-Legal Change,https://campusgroups.uci.edu/upload/uci/2023/r2_image_upload_4605003_CampusGroups_BannerCLSC_811174918.png,Fri Feb 9 2024 12 PM – 1:15 PM PST (GMT-8),Law Building (LAW) LAW 3500,401 East Peltason Drive Irvine  CA 92697 United States
Aloe-bout Love,https://campusgroups.uci.edu/upload/uci/2023/r2_image_upload_4589178_ACC_Lckp_3L_H_P_K_1_760x380jpg_4171818.jpeg,Fri Feb 9 2024 1 PM – 2 PM PST (GMT-8),Puerta del Sol MPR,
Hooked on Crochet,https://campusgroups.uci.edu/upload/uci/2024/r2_image_upload_2736097_Beige_Illustrative_Workshop_Event_Poster_1_1911294.png,Fri Feb 9 2024 2 PM – 3:30 PM PST (GMT-8),VdCN conference room,
Hooked on Crochet,https://campusgroups.uci.edu/upload/uci/2023/r2_image_upload_4589178_ACC_Lckp_3L_H_P_K_1_760x380jpg_4171818.jpeg,Fri Feb 9 2024 2 PM – 3:30 PM PST (GMT-8),Put the location here (example: Camino del Sol Social Room),
Norte Lunar Celebration,https://campusgroups.uci.edu/upload/uci/2024/r2_image_upload_1801255_Norte_Lunar_Celebrationjpg_11116729.jpeg,Fri Feb 9 2024 3 PM – 4 PM PST (GMT-8),Put the location here (example: Camino del Sol Social Room),
Hearts and Crafts,https://campusgroups.uci.edu/upload/uci/2023/r2_image_upload_4589178_ACC_Lckp_3L_H_P_K_1_760x380jpg_4171818.jpeg,Fri Feb 9 2024 4 PM – 5:30 PM PST (GMT-8),Camino del Sol Social Room,
Loteria Night,https://campusgroups.uci.edu/upload/uci/2023/r2_image_upload_4589178_ACC_Lckp_3L_H_P_K_1_760x380jpg_4171818.jpeg,Fri Feb 9 2024 5 PM – 6:30 PM PST (GMT-8),Puerta MPR,
Ethic of Love: Paint Night,https://campusgroups.uci.edu/upload/uci/2024/r2_image_upload_2741047_Ethic_of_Love_Paint_Night_119202215.png,Fri Feb 9 2024 5:30 PM – 7:30 PM PST (GMT-8),Private Location (sign in to display),
Valentine's Day: Forever Flora,https://campusgroups.uci.edu/upload/uci/2024/r2_image_upload_1802779_Valentines_Day_Forever_Flora1_126115457.png,Fri Feb 9 2024 6 PM – 8 PM PST (GMT-8),Vista del Campo Norte Clubhouse Lobby,Irvine CA United States
"Music Faculty Artist Series: Mari Kimura, violin",https://campusgroups.uci.edu/upload/uci/2023/r2_image_upload_2319150_Winter2024MariKimura1920x1280jpg_83195044.jpeg,Fri Feb 9 2024 8 PM – 8 PM PST (GMT-8),Winifred Smith Hall (parking: Mesa Structure at 4000 Mesa Rd; Irvine CA 92617),
Blue Note Records 85th Anniversary Tour starring The Blue Note Quintet,https://campusgroups.uci.edu/upload/uci/2023/r2_image_upload_3786308_Blue_Note_1630x443_v1jpg_7714751.jpeg,Fri Feb 9 2024 8 PM – 10 PM PST (GMT-8),Irvine Barclay Theatre,4242 Campus Dr Irvine CA 92612 United States
Irvine Barclay Theatre: Blue Note Records 85th Anniversary Tour Starring The Blue Note Quartet,https://campusgroups.uci.edu/upload/uci/2023/r2_image_upload_1800476_IMG_1969webp_915132449.jpeg,Fri Feb 9 2024 8 PM – 10 PM PST (GMT-8),Private Location (sign in to display),
Saturday Hoops and Bites,https://campusgroups.uci.edu/upload/uci/2023/r2_image_upload_4589178_ACC_Lckp_3L_H_P_K_1_760x380jpg_4171818.jpeg,Sat Feb 10 2024 10:30 AM – 12 PM PST (GMT-8),ARC outside basketball courts,
Saturday Hoops and Bites,https://campusgroups.uci.edu/upload/uci/2024/r2_image_upload_2736097_orange_simple_basketball_sparing_flyer_19112832.png,Sat Feb 10 2024 10:30 AM – 12 PM PST (GMT-8),ARC outside basketball courts,
M.F.A. 2nd Year Exhibition,https://campusgroups.uci.edu/upload/uci/2023/r2_image_upload_2319150_Untitled_BracketLandscape_3of9_1920x1280_RGBjpg_1218221616.jpeg,Sat Feb 10 2024 12:00 PM – Sat Mar 2 2024 6:00 PM PST (GMT-8),Room Gallery & University Art Gallery (parking: Mesa Structure at 4000 Mesa Rd; Irvine CA 92617),
ICS OAI TUTORING+ PROGRAM In person Mondays,https://campusgroups.uci.edu/upload/uci/2024/r2_image_upload_2648924_OAI_Tutoring_Program_Winter24_11813328.png,Mon Feb 12 2024 10 AM – 5 PM PST (GMT-8),Private Location (sign in to display),
Graduate School Week Kick-Off Mixer,https://campusgroups.uci.edu/upload/uci/2024/r2_image_upload_1704560_UCI_Grad_School_Exp_Week_2024_UCTSC_11815288.png,Mon Feb 12 2024 10:30 AM – 12 PM PST (GMT-8),Private Location (sign in to display),
Cup of SOAR,https://campusgroups.uci.edu/upload/uci/2024/r2_image_upload_1495481_Cup_of_SOAR_W24_Flyer_Instagram_Post_19183645.png,Mon Feb 12 2024 11 AM – 1 PM PST (GMT-8),Private Location (sign in to display),
HIV/AIDS Survival Stories Panel,https://campusgroups.uci.edu/upload/uci/2024/r2_image_upload_2088257_HIVAIDS_Survival_Stories_1080x1080jpg_125135557.jpeg,Mon Feb 12 2024 11:30 AM – 1 PM PST (GMT-8),Student Center Emerald Bay A,G319 Student Center Irvine CA 92697 United States
Monday Garden Volunteer Hours,https://campusgroups.uci.edu/upload/uci/2023/r2_image_upload_4589351_bg4jpg_103233831.jpeg,Mon Feb 12 2024 11:30 AM – 2:30 PM PST (GMT-8),Private Location (sign in to display),
Sex Week,https://campusgroups.uci.edu/upload/uci/2024/r2_image_upload_2088257_SexWeek2024_Instagram1080x1080jpg_12514142.jpeg,Mon Feb 12 2024 11:30 AM – Thu Feb 15 2024 1:00 PM PST (GMT-8),Various Locations at or near Student Center,G319 Student Center Irvine CA 92697 United States
Narcan 101 Training,https://campusgroups.uci.edu/upload/uci/2023/r2_image_upload_2088257_NARCAN_101_Winter_1211132644.png,Mon Feb 12 2024 1 PM – 2 PM PST (GMT-8),Register with cfinazzo@uci.edu for location,G319 Student Center Irvine CA 92697 United States
Mindful Mondays,https://campusgroups.uci.edu/upload/uci/2023/r2_image_upload_2088257_MindfulMondays_1920x1080jpg_121314936.jpeg,Mon Feb 12 2024 4 PM – 4:30 PM PST (GMT-8),Meet Outside Zot N' Go,G319 Student Center Irvine CA 92697 United States
LRC Mentorship Program Meetings,https://campusgroups.uci.edu/upload/uci/2024/r2_image_upload_2737816_MP_image_1_12214580.png,Mon Feb 12 2024 5 PM – 6 PM PST (GMT-8),RISE Suite South Student Center,University of California Irvine | RISE Suite G458 UCI Student Center Irvine Cali 92697-5125 United States
Tabletop Character Painting,https://campusgroups.uci.edu/upload/uci/2023/r2_image_upload_4589178_ACC_Lckp_3L_H_P_K_1_760x380jpg_4171818.jpeg,Mon Feb 12 2024 5 PM – 7 PM PST (GMT-8),Camino del Sol Social Room,
Spread the Love,https://campusgroups.uci.edu/upload/uci/2023/r2_image_upload_4589178_ACC_Lckp_3L_H_P_K_1_760x380jpg_4171818.jpeg,Mon Feb 12 2024 6 PM – 7:30 PM PST (GMT-8),Vista del Campo Norte Clubhouse Lobby,
Cards & Canes,https://campusgroups.uci.edu/upload/uci/2023/r2_image_upload_4589178_ACC_Lckp_3L_H_P_K_1_760x380jpg_4171818.jpeg,Mon Feb 12 2024 6 PM – 7 PM PST (GMT-8),VDC Dining Room,
Bank on Bingo,https://campusgroups.uci.edu/upload/uci/2024/r2_image_upload_1803089_Bank_on_Bingo_18203159.png,Mon Feb 12 2024 7 PM – 9 PM PST (GMT-8),Plaza Verde MPR,
Cupid's Cards,https://campusgroups.uci.edu/upload/uci/2023/r2_image_upload_4589178_ACC_Lckp_3L_H_P_K_1_760x380jpg_4171818.jpeg,Mon Feb 12 2024 7 PM – 9 PM PST (GMT-8),VDCN Clubhouse,Irvine CA United States
RHA Coordinating Board Meeting,https://campusgroups.uci.edu/upload/uci/2024/r2_image_upload_4208010_23_rhalogoblue_12418612.png,Mon Feb 12 2024 7:30 PM – 9 PM PST (GMT-8),Online Event,
Tuesday Garden Volunteer Hours,https://campusgroups.uci.edu/upload/uci/2023/r2_image_upload_4589351_bg5jpg_103233630.jpeg,Tue Feb 13 2024 9:30 AM – 11:30 AM PST (GMT-8),Private Location (sign in to display),
ICS OAI TUTORING+ PROGRAM In person Tuesdays,https://campusgroups.uci.edu/upload/uci/2024/r2_image_upload_2648924_OAI_Tutoring_Program_Winter24_118133222.png,Tue Feb 13 2024 10 AM – 5 PM PST (GMT-8),Private Location (sign in to display),
Environmentalism in Long Beach,https://campusgroups.uci.edu/upload/uci/2019/r2_image_upload_34747_ucicoverjpg_11254712.png,Tue Feb 13 2024 12 PM – 1 PM PST (GMT-8),Private Location (sign in to display),
Project Your Passion: ZotSpeak Toastmasters' Weekly Workshop,https://campusgroups.uci.edu/upload/uci/2023/r2_image_upload_1513341__122015434.png,Tue Feb 13 2024 12 PM – 1 PM PST (GMT-8),Private Location (sign in to display),
Grad Talk Tuesday with SSI & TSC,https://campusgroups.uci.edu/upload/uci/2023/r2_image_upload_1704560_TTT_Winter_2024_1_12221444.png,Tue Feb 13 2024 1 PM – 2 PM PST (GMT-8),Private Location (sign in to display),
School of Education's Research Fair,https://campusgroups.uci.edu/upload/uci/2024/r2_image_upload_2741836_Research_Fair_Flyer_for_Campus_Groups_760_x_380_px_117173821.png,Tue Feb 13 2024 2 PM – 3 PM PST (GMT-8),School of Education Courtyard,401 E. Peltason Drive Irvine 92617 United States
"Summer School Workshop, Feb 13th (Undeclared Advising)",https://campusgroups.uci.edu/upload/uci/2024/r2_image_upload_2298956_Summer_School_Workshop_2024_1813943.png,Tue Feb 13 2024 3 PM – 3:50 PM PST (GMT-8),Private Location (sign in to display),
Gateway Initiative: FAFSA/CA Dream Act Application Workshop,https://campusgroups.uci.edu/upload/uci/2024/r2_image_upload_3953860_Gateway_Initiative_Workshop_Logo_1_116164119.png,Tue Feb 13 2024 3 PM – 4 PM PST (GMT-8),Private Location (sign in to display),
Theta Tau Service Event,https://campusgroups.uci.edu/upload/uci/2019/r2_image_upload_34747_ucicoverjpg_11254712.png,Tue Feb 13 2024 3 PM – 4 PM PST (GMT-8),Private Location (sign in to display),
RISE Suite Drop-In Hours,https://campusgroups.uci.edu/upload/uci/2022/r2_image_upload_1528695_Latinx_Resource_Center_Logotype_1216173632.png,Tue Feb 13 2024 4 PM – 5 PM PST (GMT-8),Private Location (sign in to display),
Valentine's Scavenger Hunt,https://campusgroups.uci.edu/upload/uci/2024/r2_image_upload_2736097_Red_and_Pink_Modern_Valentines_Day_Party_Invitation_11022502.png,Tue Feb 13 2024 5 PM – 6:30 PM PST (GMT-8),Norte Clubhouse Conference Room,
New Member Education - Winter 2024,https://campusgroups.uci.edu/upload/uci/2023/r2_image_upload_1531389_NEW_MEMBER_EDUCATION_Fall_2023_1_1117141658.png,Tue Feb 13 2024 5 PM – 7 PM PST (GMT-8),Pacific Ballroom D UCI Student Center,Irvine CA 92697- United States
LRC Mentorship Program Meetings,https://campusgroups.uci.edu/upload/uci/2024/r2_image_upload_2737816_MP_image_1_12214580.png,Tue Feb 13 2024 5 PM – 6 PM PST (GMT-8),RISE Suite South Student Center,University of California Irvine | RISE Suite G458 UCI Student Center Irvine Cali 92697-5125 United States
Habit Story Assessment Breakdown,https://campusgroups.uci.edu/upload/uci/2020/r2_image_upload_1679579_GDLogojpg_82723243.jpeg,Tue Feb 13 2024 5 PM – 6 PM PST (GMT-8),Private Location (sign in to display),
The Novel and Social Change: A Conversation with Jennifer Clement,https://campusgroups.uci.edu/upload/uci/2024/r2_image_upload_1800476_IMG_2426_14194240.jpeg,Tue Feb 13 2024 5:30 PM – 7 PM PST (GMT-8),Humanities Gateway 1030,University of California Irvine Irvine CA  92697 United States
LARC After Dark Drop-in Tutoring,https://campusgroups.uci.edu/upload/uci/2023/r2_image_upload_2227627_LARC_After_Dark_Winter_24_dropin_tutoring_122211535.png,Tue Feb 13 2024 6 PM – 7:50 PM PST (GMT-8),ALP 3700 - 3750,University of California Irvine Irvine CA  92697 United States
Palette Party,https://campusgroups.uci.edu/upload/uci/2023/r2_image_upload_4589178_ACC_Lckp_3L_H_P_K_1_760x380jpg_4171818.jpeg,Tue Feb 13 2024 7 PM – 8:30 PM PST (GMT-8),Puerta Del Sol- Multi Purpose Room (MPR),
Un-Cone-Ditional Love Ice Cream night,https://campusgroups.uci.edu/upload/uci/2023/r2_image_upload_4589178_ACC_Lckp_3L_H_P_K_1_760x380jpg_4171818.jpeg,Tue Feb 13 2024 7 PM – 8:30 PM PST (GMT-8),Plaza Verde Multi Purpose Room Cafe,
Be mine this valentines,https://campusgroups.uci.edu/upload/uci/2023/r2_image_upload_4589178_ACC_Lckp_3L_H_P_K_1_760x380jpg_4171818.jpeg,Tue Feb 13 2024 7:30 PM – 8:30 PM PST (GMT-8),Camino del Sol Social Room,-
Portraits of Love with CES,https://campusgroups.uci.edu/upload/uci/2024/r2_image_upload_3958502_CES_Winter_2024_Workshop_FLyers_4_12715366.png,Wed Feb 14 2024 10 AM – 12 PM PST (GMT-8),Private Location (sign in to display),
Bagel Breakfast - Graduate Student Support Space,https://campusgroups.uci.edu/upload/uci/2023/r2_image_upload_1679573_bageljpg_918195423.jpeg,Wed Feb 14 2024 10 AM – 11 AM PST (GMT-8),Graduate & Postdoctoral Scholar Resource Center (3100 Gateway Study Center),3100 Gateway Study Center Irvine CA 92697 United States
Portraits of Love with CES,https://campusgroups.uci.edu/upload/uci/2024/r2_image_upload_3958502_CES_Winter_2024_Workshop_FLyers_4_12715366.png,Wed Feb 14 2024 10 AM – 12 PM PST (GMT-8),Private Location (sign in to display),
Wednesday Wellness Walk: UCI Marsh,https://campusgroups.uci.edu/upload/uci/2023/r2_image_upload_2088257_WedWellnessWalk_Social_Visit_UCI_Marsh01jpg_1213143350.jpeg,Wed Feb 14 2024 11:30 AM – 1 PM PST (GMT-8),Private Location (sign in to display),
Womxn's Empowerment: Feminist Book Club,https://campusgroups.uci.edu/upload/uci/2023/r2_image_upload_3959498_DIGITAL_EVENT_PHOTO_125173814.png,Wed Feb 14 2024 12 PM – 1 PM PST (GMT-8),Private Location (sign in to display),
Wednesday Garden Volunteer Hours - Shift 1,https://campusgroups.uci.edu/upload/uci/2023/r2_image_upload_4589351_PXL_20230424_210651099jpg_1014212334.jpeg,Wed Feb 14 2024 12 PM – 1 PM PST (GMT-8),Private Location (sign in to display),
Wellness Wednesday,https://campusgroups.uci.edu/upload/uci/2023/r2_image_upload_3485416_CampusGroups_Banner_Student_Affairs_73117651.png,Wed Feb 14 2024 12 PM – 1 PM PST (GMT-8),Law Courtyard,4302 Pereira Dr. Irvine CA 92697 United States
LL.M. Workshop: Cultural Intelligence in the Legal Profession,https://campusgroups.uci.edu/upload/uci/2024/r2_image_upload_1506642_LLM_Banner_19133846.png,Wed Feb 14 2024 12 PM – 1 PM PST (GMT-8),Private Location (sign in to display),
Road to Zero: A Strategic Approach to Student Loan Repayment – Mandatory Workshop for 3Ls,https://campusgroups.uci.edu/upload/uci/2023/r2_image_4589253_lawbuilding760x380_81ddecdb-b5c7-4197-a2f1-01072cbf94cb_3813234.png,Wed Feb 14 2024 12 PM – 1 PM PST (GMT-8),EDU Classroom 1111,401 East Peltason Drive Irvine  CA 92697 United States
Wellness Workshop Series - Winter 2024,https://campusgroups.uci.edu/upload/uci/2023/r2_image_upload_4572018_UCI_CC_Winter_24_Workshops_Flyer_2_1215174645.png,Wed Feb 14 2024 1 PM – 2 PM PST (GMT-8),Private Location (sign in to display),
Transfer Tea,https://campusgroups.uci.edu/upload/uci/2023/r2_image_upload_1704560_Transfer_Tea_1115153424.png,Wed Feb 14 2024 1 PM – 2 PM PST (GMT-8),Private Location (sign in to display),
Wednesday Garden Volunteer Hours - Shift 2,https://campusgroups.uci.edu/upload/uci/2023/r2_image_upload_4589351_PXL_20230424_210651099jpg_1014211911.jpeg,Wed Feb 14 2024 2 PM – 4 PM PST (GMT-8),Private Location (sign in to display),
Graduate School Resource Workshop,https://campusgroups.uci.edu/upload/uci/2024/r2_image_upload_1704560_UCI_Grad_School_Exp_Week_2024_UCTSC_118152955.png,Wed Feb 14 2024 2 PM – 3 PM PST (GMT-8),Private Location (sign in to display),
Tax Policy Colloquium - Professor Kimberly Clausing,https://campusgroups.uci.edu/upload/uci/2023/r2_image_4589253_lawbuilding760x380_81ddecdb-b5c7-4197-a2f1-01072cbf94cb_3813234.png,Wed Feb 14 2024 3:30 PM – 5:30 PM PST (GMT-8),Law Building (LAW) LAW 0000,401 East Peltason Drive Irvine  CA 92697 United States
Spanish Hour Winter 24',https://campusgroups.uci.edu/upload/uci/2024/r2_image_upload_2743969_Spanish_Hour_Winter_2024jpg_12302617.jpeg,Wed Feb 14 2024 4 PM – 5 PM PST (GMT-8),Private Location (sign in to display),
Journal to Wellness,https://campusgroups.uci.edu/upload/uci/2023/r2_image_upload_2088257_JournalToWellness_Flyer01jpg_1214151015.jpeg,Wed Feb 14 2024 5 PM – 6 PM PST (GMT-8),193 Science Library (Center for Excellence in Writing & Communication),G319 Student Center Irvine CA 92697 United States
Build-A-Bouquet,https://campusgroups.uci.edu/upload/uci/2023/r2_image_upload_4589178_ACC_Lckp_3L_H_P_K_1_760x380jpg_4171818.jpeg,Wed Feb 14 2024 5 PM – 6 PM PST (GMT-8),Vista del Campo Dining Room,
LARC After Dark Drop-in Tutoring,https://campusgroups.uci.edu/upload/uci/2023/r2_image_upload_2227627_LARC_After_Dark_Winter_24_dropin_tutoring_122211535.png,Wed Feb 14 2024 6 PM – 7:50 PM PST (GMT-8),ALP 3700 - 3750,University of California Irvine Irvine CA  92697 United States
Free LSAT Test Strategy Workshop,https://campusgroups.uci.edu/upload/uci/2021/r2_image_upload_2544026_DCE_CE1jpg_2514466.jpeg,Wed Feb 14 2024 6 PM – 7 PM PST (GMT-8),https://ce.uci.edu/resources/events/event.aspx?id=00233&t=WINTER,
Thursday Garden Volunteer Hours - Shift 1,https://campusgroups.uci.edu/upload/uci/2023/r2_image_upload_2739697_avgarden_920182411.jpeg,Thu Feb 15 2024 9 AM – 10:30 AM PST (GMT-8),Private Location (sign in to display),
ICS OAI TUTORING+ PROGRAM Virtual Thursdays,https://campusgroups.uci.edu/upload/uci/2024/r2_image_upload_2648924_OAI_Tutoring_Program_Winter24_118133412.png,Thu Feb 15 2024 10 AM – 5 PM PST (GMT-8),Online Event,
Love Jeopardy!,https://campusgroups.uci.edu/upload/uci/2024/r2_image_upload_2088257_LoveJeopardy_Social_1080x1080_WithQRCodejpg_125134831.jpeg,Thu Feb 15 2024 11 AM – 1 PM PST (GMT-8),Student Center Emeraldy Bay A,G319 Student Center Irvine CA 92697 United States
Cup of SOAR,https://campusgroups.uci.edu/upload/uci/2024/r2_image_upload_1495481_Cup_of_SOAR_W24_Flyer_Instagram_Post_19183645.png,Thu Feb 15 2024 11 AM – 1 PM PST (GMT-8),Private Location (sign in to display),
Academic Bootcamp (ABC) - Winter 2024,https://campusgroups.uci.edu/upload/uci/2023/r2_image_upload_4572018_UCI_CC_Winter_24_Workshops_Flyer_1215173914.png,Thu Feb 15 2024 11 AM – 2 PM PST (GMT-8),Private Location (sign in to display),
Thursday Garden Volunteer Hours - Shift 2,https://campusgroups.uci.edu/upload/uci/2023/r2_image_upload_2739697_avgarden_920182411.jpeg,Thu Feb 15 2024 12 PM – 1:30 PM PST (GMT-8),Private Location (sign in to display),
Launching Your Academic Job Search (Brown Bag Event),https://campusgroups.uci.edu/upload/uci/2020/r2_image_upload_1679579_GDLogojpg_82723243.jpeg,Thu Feb 15 2024 12 PM – 1 PM PST (GMT-8),Private Location (sign in to display),
Anteater to ANTleader,https://campusgroups.uci.edu/upload/uci/2023/r2_image_upload_1513341_Screenshot_20231220_at_23611_PM_1220173827.png,Thu Feb 15 2024 12 PM – 12:50 PM PST (GMT-8),Private Location (sign in to display),
"Summer School Workshop, Feb 15th (Undeclared Advising)",https://campusgroups.uci.edu/upload/uci/2024/r2_image_upload_2298956_summer_215_1914733.png,Thu Feb 15 2024 3 PM – 3:50 PM PST (GMT-8),Private Location (sign in to display),
Graduate Student Workshop Series - Winter 2024,https://campusgroups.uci.edu/upload/uci/2023/r2_image_upload_4572018_UCI_CC_Winter_24_Workshops_Flyer_3_121517530.png,Thu Feb 15 2024 4 PM – 5 PM PST (GMT-8),Online Event,
“Navigating Your Future: Opportunities Beyond F-1 OPT for UCI Graduates”,https://campusgroups.uci.edu/upload/uci/2019/r2_image_upload_34747_ucicoverjpg_11254712.png,Thu Feb 15 2024 5 PM – 6:30 PM PST (GMT-8),Private Location (sign in to display),
Come Spill the Tea!,https://campusgroups.uci.edu/upload/uci/2023/r2_image_upload_4589178_ACC_Lckp_3L_H_P_K_1_760x380jpg_4171818.jpeg,Thu Feb 15 2024 5 PM – 6:30 PM PST (GMT-8),Vista del Campo Norte Conference Room,
